   2  250
1 1
     1.043005899167002     0.000000000000000     0.000000000000000
     0.000000000000000     1.043005899167002     0.000000000000000
     0.000000000000000     0.000000000000000     1.043005899167002
1 2
    -0.192429207942850     0.000000000000000     0.000000000000000
     0.000000000000000     0.075436237438663     0.000000000000000
     0.000000000000000     0.000000000000000     0.075436237438663
1 3
    -0.007157918480231     0.000000000000000     0.000000000000000
     0.000000000000000    -0.000538077556166     0.000000000000000
     0.000000000000000     0.000000000000000    -0.000538077556166
1 4
    -0.007157918480231     0.000000000000000     0.000000000000000
     0.000000000000000    -0.000538077556166     0.000000000000000
     0.000000000000000     0.000000000000000    -0.000538077556166
1 5
    -0.192429207942850     0.000000000000000     0.000000000000000
     0.000000000000000     0.075436237438663     0.000000000000000
     0.000000000000000     0.000000000000000     0.075436237438663
1 6
     0.075436237438663     0.000000000000000     0.000000000000000
     0.000000000000000    -0.192429207942850     0.000000000000000
     0.000000000000000     0.000000000000000     0.075436237438663
1 7
    -0.028757718337279    -0.031952796133161     0.000000000000000
    -0.031952796133161    -0.028757718337279     0.000000000000000
     0.000000000000000     0.000000000000000     0.040317135291939
1 8
    -0.000544438032961    -0.000092204626824     0.000000000000000
    -0.000092204626824    -0.000015414860009     0.000000000000000
     0.000000000000000     0.000000000000000    -0.000304776173530
1 9
    -0.000544438032961     0.000092204626824     0.000000000000000
     0.000092204626824    -0.000015414860009     0.000000000000000
     0.000000000000000     0.000000000000000    -0.000304776173530
1 10
    -0.028757718337279     0.031952796133161     0.000000000000000
     0.031952796133161    -0.028757718337279     0.000000000000000
     0.000000000000000     0.000000000000000     0.040317135291939
1 11
    -0.000538077556166     0.000000000000000     0.000000000000000
     0.000000000000000    -0.007157918480231     0.000000000000000
     0.000000000000000     0.000000000000000    -0.000538077556166
1 12
    -0.000015414860009    -0.000092204626824     0.000000000000000
    -0.000092204626824    -0.000544438032961     0.000000000000000
     0.000000000000000     0.000000000000000    -0.000304776173530
1 13
     0.000000000000000     0.000000000000000     0.000000000000000
     0.000000000000000     0.000000000000000     0.000000000000000
     0.000000000000000     0.000000000000000     0.000000000000000
1 14
     0.000000000000000     0.000000000000000     0.000000000000000
     0.000000000000000     0.000000000000000     0.000000000000000
     0.000000000000000     0.000000000000000     0.000000000000000
1 15
    -0.000015414860009     0.000092204626824     0.000000000000000
     0.000092204626824    -0.000544438032961     0.000000000000000
     0.000000000000000     0.000000000000000    -0.000304776173530
1 16
    -0.000538077556166     0.000000000000000     0.000000000000000
     0.000000000000000    -0.007157918480231     0.000000000000000
     0.000000000000000     0.000000000000000    -0.000538077556166
1 17
    -0.000015414860009     0.000092204626824     0.000000000000000
     0.000092204626824    -0.000544438032961     0.000000000000000
     0.000000000000000     0.000000000000000    -0.000304776173530
1 18
     0.000000000000000     0.000000000000000     0.000000000000000
     0.000000000000000     0.000000000000000     0.000000000000000
     0.000000000000000     0.000000000000000     0.000000000000000
1 19
     0.000000000000000     0.000000000000000     0.000000000000000
     0.000000000000000     0.000000000000000     0.000000000000000
     0.000000000000000     0.000000000000000     0.000000000000000
1 20
    -0.000015414860009    -0.000092204626824     0.000000000000000
    -0.000092204626824    -0.000544438032961     0.000000000000000
     0.000000000000000     0.000000000000000    -0.000304776173530
1 21
     0.075436237438663     0.000000000000000     0.000000000000000
     0.000000000000000    -0.192429207942850     0.000000000000000
     0.000000000000000     0.000000000000000     0.075436237438663
1 22
    -0.028757718337279     0.031952796133161     0.000000000000000
     0.031952796133161    -0.028757718337279     0.000000000000000
     0.000000000000000     0.000000000000000     0.040317135291939
1 23
    -0.000544438032961     0.000092204626824     0.000000000000000
     0.000092204626824    -0.000015414860009     0.000000000000000
     0.000000000000000     0.000000000000000    -0.000304776173530
1 24
    -0.000544438032961    -0.000092204626824     0.000000000000000
    -0.000092204626824    -0.000015414860009     0.000000000000000
     0.000000000000000     0.000000000000000    -0.000304776173530
1 25
    -0.028757718337279    -0.031952796133161     0.000000000000000
    -0.031952796133161    -0.028757718337279     0.000000000000000
     0.000000000000000     0.000000000000000     0.040317135291939
1 26
     0.075436237438663     0.000000000000000     0.000000000000000
     0.000000000000000     0.075436237438663     0.000000000000000
     0.000000000000000     0.000000000000000    -0.192429207942850
1 27
    -0.028757718337279     0.000000000000000    -0.031952796133161
     0.000000000000000     0.040317135291939     0.000000000000000
    -0.031952796133161     0.000000000000000    -0.028757718337279
1 28
    -0.000544438032961     0.000000000000000    -0.000092204626824
     0.000000000000000    -0.000304776173530     0.000000000000000
    -0.000092204626824     0.000000000000000    -0.000015414860009
1 29
    -0.000544438032961     0.000000000000000     0.000092204626824
     0.000000000000000    -0.000304776173530     0.000000000000000
     0.000092204626824     0.000000000000000    -0.000015414860009
1 30
    -0.028757718337279     0.000000000000000     0.031952796133161
     0.000000000000000     0.040317135291939     0.000000000000000
     0.031952796133161     0.000000000000000    -0.028757718337279
1 31
     0.040317135291939     0.000000000000000     0.000000000000000
     0.000000000000000    -0.028757718337279    -0.031952796133161
     0.000000000000000    -0.031952796133161    -0.028757718337279
1 32
    -0.017728486229027    -0.013105327201343    -0.013105327201343
    -0.013105327201343    -0.017728486229027    -0.013105327201343
    -0.013105327201343    -0.013105327201343    -0.017728486229027
1 33
    -0.001336374701863    -0.000418136298654    -0.000418136298654
    -0.000418136298654     0.000156187655710     0.000249574789946
    -0.000418136298654     0.000249574789946     0.000156187655710
1 34
    -0.001336374701863     0.000418136298654     0.000418136298654
     0.000418136298654     0.000156187655710     0.000249574789946
     0.000418136298654     0.000249574789946     0.000156187655710
1 35
    -0.017728486229027     0.013105327201343     0.013105327201343
     0.013105327201343    -0.017728486229027    -0.013105327201343
     0.013105327201343    -0.013105327201343    -0.017728486229027
1 36
    -0.000304776173530     0.000000000000000     0.000000000000000
     0.000000000000000    -0.000544438032961    -0.000092204626824
     0.000000000000000    -0.000092204626824    -0.000015414860009
1 37
     0.000156187655710    -0.000418136298654     0.000249574789946
    -0.000418136298654    -0.001336374701863    -0.000418136298654
     0.000249574789946    -0.000418136298654     0.000156187655710
1 38
     0.000000000000000     0.000000000000000     0.000000000000000
     0.000000000000000     0.000000000000000     0.000000000000000
     0.000000000000000     0.000000000000000     0.000000000000000
1 39
     0.000000000000000     0.000000000000000     0.000000000000000
     0.000000000000000     0.000000000000000     0.000000000000000
     0.000000000000000     0.000000000000000     0.000000000000000
1 40
     0.000156187655710     0.000418136298654    -0.000249574789946
     0.000418136298654    -0.001336374701863    -0.000418136298654
    -0.000249574789946    -0.000418136298654     0.000156187655710
1 41
    -0.000304776173530     0.000000000000000     0.000000000000000
     0.000000000000000    -0.000544438032961     0.000092204626824
     0.000000000000000     0.000092204626824    -0.000015414860009
1 42
     0.000156187655710     0.000418136298654     0.000249574789946
     0.000418136298654    -0.001336374701863     0.000418136298654
     0.000249574789946     0.000418136298654     0.000156187655710
1 43
     0.000000000000000     0.000000000000000     0.000000000000000
     0.000000000000000     0.000000000000000     0.000000000000000
     0.000000000000000     0.000000000000000     0.000000000000000
1 44
     0.000000000000000     0.000000000000000     0.000000000000000
     0.000000000000000     0.000000000000000     0.000000000000000
     0.000000000000000     0.000000000000000     0.000000000000000
1 45
     0.000156187655710    -0.000418136298654    -0.000249574789946
    -0.000418136298654    -0.001336374701863     0.000418136298654
    -0.000249574789946     0.000418136298654     0.000156187655710
1 46
     0.040317135291939     0.000000000000000     0.000000000000000
     0.000000000000000    -0.028757718337279     0.031952796133161
     0.000000000000000     0.031952796133161    -0.028757718337279
1 47
    -0.017728486229027     0.013105327201343    -0.013105327201343
     0.013105327201343    -0.017728486229027     0.013105327201343
    -0.013105327201343     0.013105327201343    -0.017728486229027
1 48
    -0.001336374701863     0.000418136298654    -0.000418136298654
     0.000418136298654     0.000156187655710    -0.000249574789946
    -0.000418136298654    -0.000249574789946     0.000156187655710
1 49
    -0.001336374701863    -0.000418136298654     0.000418136298654
    -0.000418136298654     0.000156187655710    -0.000249574789946
     0.000418136298654    -0.000249574789946     0.000156187655710
1 50
    -0.017728486229027    -0.013105327201343     0.013105327201343
    -0.013105327201343    -0.017728486229027     0.013105327201343
     0.013105327201343     0.013105327201343    -0.017728486229027
1 51
    -0.000538077556166     0.000000000000000     0.000000000000000
     0.000000000000000    -0.000538077556166     0.000000000000000
     0.000000000000000     0.000000000000000    -0.007157918480231
1 52
    -0.000015414860009     0.000000000000000    -0.000092204626824
     0.000000000000000    -0.000304776173530     0.000000000000000
    -0.000092204626824     0.000000000000000    -0.000544438032961
1 53
     0.000000000000000     0.000000000000000     0.000000000000000
     0.000000000000000     0.000000000000000     0.000000000000000
     0.000000000000000     0.000000000000000     0.000000000000000
1 54
     0.000000000000000     0.000000000000000     0.000000000000000
     0.000000000000000     0.000000000000000     0.000000000000000
     0.000000000000000     0.000000000000000     0.000000000000000
1 55
    -0.000015414860009     0.000000000000000     0.000092204626824
     0.000000000000000    -0.000304776173530     0.000000000000000
     0.000092204626824     0.000000000000000    -0.000544438032961
1 56
    -0.000304776173530     0.000000000000000     0.000000000000000
     0.000000000000000    -0.000015414860009    -0.000092204626824
     0.000000000000000    -0.000092204626824    -0.000544438032961
1 57
     0.000156187655710     0.000249574789946    -0.000418136298654
     0.000249574789946     0.000156187655710    -0.000418136298654
    -0.000418136298654    -0.000418136298654    -0.001336374701863
1 58
     0.000000000000000     0.000000000000000     0.000000000000000
     0.000000000000000     0.000000000000000     0.000000000000000
     0.000000000000000     0.000000000000000     0.000000000000000
1 59
     0.000000000000000     0.000000000000000     0.000000000000000
     0.000000000000000     0.000000000000000     0.000000000000000
     0.000000000000000     0.000000000000000     0.000000000000000
1 60
     0.000156187655710    -0.000249574789946     0.000418136298654
    -0.000249574789946     0.000156187655710    -0.000418136298654
     0.000418136298654    -0.000418136298654    -0.001336374701863
1 61
     0.000000000000000     0.000000000000000     0.000000000000000
     0.000000000000000     0.000000000000000     0.000000000000000
     0.000000000000000     0.000000000000000     0.000000000000000
1 62
     0.000000000000000     0.000000000000000     0.000000000000000
     0.000000000000000     0.000000000000000     0.000000000000000
     0.000000000000000     0.000000000000000     0.000000000000000
1 63
     0.000000000000000     0.000000000000000     0.000000000000000
     0.000000000000000     0.000000000000000     0.000000000000000
     0.000000000000000     0.000000000000000     0.000000000000000
1 64
     0.000000000000000     0.000000000000000     0.000000000000000
     0.000000000000000     0.000000000000000     0.000000000000000
     0.000000000000000     0.000000000000000     0.000000000000000
1 65
     0.000000000000000     0.000000000000000     0.000000000000000
     0.000000000000000     0.000000000000000     0.000000000000000
     0.000000000000000     0.000000000000000     0.000000000000000
1 66
     0.000000000000000     0.000000000000000     0.000000000000000
     0.000000000000000     0.000000000000000     0.000000000000000
     0.000000000000000     0.000000000000000     0.000000000000000
1 67
     0.000000000000000     0.000000000000000     0.000000000000000
     0.000000000000000     0.000000000000000     0.000000000000000
     0.000000000000000     0.000000000000000     0.000000000000000
1 68
     0.000000000000000     0.000000000000000     0.000000000000000
     0.000000000000000     0.000000000000000     0.000000000000000
     0.000000000000000     0.000000000000000     0.000000000000000
1 69
     0.000000000000000     0.000000000000000     0.000000000000000
     0.000000000000000     0.000000000000000     0.000000000000000
     0.000000000000000     0.000000000000000     0.000000000000000
1 70
     0.000000000000000     0.000000000000000     0.000000000000000
     0.000000000000000     0.000000000000000     0.000000000000000
     0.000000000000000     0.000000000000000     0.000000000000000
1 71
    -0.000304776173530     0.000000000000000     0.000000000000000
     0.000000000000000    -0.000015414860009     0.000092204626824
     0.000000000000000     0.000092204626824    -0.000544438032961
1 72
     0.000156187655710    -0.000249574789946    -0.000418136298654
    -0.000249574789946     0.000156187655710     0.000418136298654
    -0.000418136298654     0.000418136298654    -0.001336374701863
1 73
     0.000000000000000     0.000000000000000     0.000000000000000
     0.000000000000000     0.000000000000000     0.000000000000000
     0.000000000000000     0.000000000000000     0.000000000000000
1 74
     0.000000000000000     0.000000000000000     0.000000000000000
     0.000000000000000     0.000000000000000     0.000000000000000
     0.000000000000000     0.000000000000000     0.000000000000000
1 75
     0.000156187655710     0.000249574789946     0.000418136298654
     0.000249574789946     0.000156187655710     0.000418136298654
     0.000418136298654     0.000418136298654    -0.001336374701863
1 76
    -0.000538077556166     0.000000000000000     0.000000000000000
     0.000000000000000    -0.000538077556166     0.000000000000000
     0.000000000000000     0.000000000000000    -0.007157918480231
1 77
    -0.000015414860009     0.000000000000000     0.000092204626824
     0.000000000000000    -0.000304776173530     0.000000000000000
     0.000092204626824     0.000000000000000    -0.000544438032961
1 78
     0.000000000000000     0.000000000000000     0.000000000000000
     0.000000000000000     0.000000000000000     0.000000000000000
     0.000000000000000     0.000000000000000     0.000000000000000
1 79
     0.000000000000000     0.000000000000000     0.000000000000000
     0.000000000000000     0.000000000000000     0.000000000000000
     0.000000000000000     0.000000000000000     0.000000000000000
1 80
    -0.000015414860009     0.000000000000000    -0.000092204626824
     0.000000000000000    -0.000304776173530     0.000000000000000
    -0.000092204626824     0.000000000000000    -0.000544438032961
1 81
    -0.000304776173530     0.000000000000000     0.000000000000000
     0.000000000000000    -0.000015414860009     0.000092204626824
     0.000000000000000     0.000092204626824    -0.000544438032961
1 82
     0.000156187655710     0.000249574789946     0.000418136298654
     0.000249574789946     0.000156187655710     0.000418136298654
     0.000418136298654     0.000418136298654    -0.001336374701863
1 83
     0.000000000000000     0.000000000000000     0.000000000000000
     0.000000000000000     0.000000000000000     0.000000000000000
     0.000000000000000     0.000000000000000     0.000000000000000
1 84
     0.000000000000000     0.000000000000000     0.000000000000000
     0.000000000000000     0.000000000000000     0.000000000000000
     0.000000000000000     0.000000000000000     0.000000000000000
1 85
     0.000156187655710    -0.000249574789946    -0.000418136298654
    -0.000249574789946     0.000156187655710     0.000418136298654
    -0.000418136298654     0.000418136298654    -0.001336374701863
1 86
     0.000000000000000     0.000000000000000     0.000000000000000
     0.000000000000000     0.000000000000000     0.000000000000000
     0.000000000000000     0.000000000000000     0.000000000000000
1 87
     0.000000000000000     0.000000000000000     0.000000000000000
     0.000000000000000     0.000000000000000     0.000000000000000
     0.000000000000000     0.000000000000000     0.000000000000000
1 88
     0.000000000000000     0.000000000000000     0.000000000000000
     0.000000000000000     0.000000000000000     0.000000000000000
     0.000000000000000     0.000000000000000     0.000000000000000
1 89
     0.000000000000000     0.000000000000000     0.000000000000000
     0.000000000000000     0.000000000000000     0.000000000000000
     0.000000000000000     0.000000000000000     0.000000000000000
1 90
     0.000000000000000     0.000000000000000     0.000000000000000
     0.000000000000000     0.000000000000000     0.000000000000000
     0.000000000000000     0.000000000000000     0.000000000000000
1 91
     0.000000000000000     0.000000000000000     0.000000000000000
     0.000000000000000     0.000000000000000     0.000000000000000
     0.000000000000000     0.000000000000000     0.000000000000000
1 92
     0.000000000000000     0.000000000000000     0.000000000000000
     0.000000000000000     0.000000000000000     0.000000000000000
     0.000000000000000     0.000000000000000     0.000000000000000
1 93
     0.000000000000000     0.000000000000000     0.000000000000000
     0.000000000000000     0.000000000000000     0.000000000000000
     0.000000000000000     0.000000000000000     0.000000000000000
1 94
     0.000000000000000     0.000000000000000     0.000000000000000
     0.000000000000000     0.000000000000000     0.000000000000000
     0.000000000000000     0.000000000000000     0.000000000000000
1 95
     0.000000000000000     0.000000000000000     0.000000000000000
     0.000000000000000     0.000000000000000     0.000000000000000
     0.000000000000000     0.000000000000000     0.000000000000000
1 96
    -0.000304776173530     0.000000000000000     0.000000000000000
     0.000000000000000    -0.000015414860009    -0.000092204626824
     0.000000000000000    -0.000092204626824    -0.000544438032961
1 97
     0.000156187655710    -0.000249574789946     0.000418136298654
    -0.000249574789946     0.000156187655710    -0.000418136298654
     0.000418136298654    -0.000418136298654    -0.001336374701863
1 98
     0.000000000000000     0.000000000000000     0.000000000000000
     0.000000000000000     0.000000000000000     0.000000000000000
     0.000000000000000     0.000000000000000     0.000000000000000
1 99
     0.000000000000000     0.000000000000000     0.000000000000000
     0.000000000000000     0.000000000000000     0.000000000000000
     0.000000000000000     0.000000000000000     0.000000000000000
1 100
     0.000156187655710     0.000249574789946    -0.000418136298654
     0.000249574789946     0.000156187655710    -0.000418136298654
    -0.000418136298654    -0.000418136298654    -0.001336374701863
1 101
     0.075436237438663     0.000000000000000     0.000000000000000
     0.000000000000000     0.075436237438663     0.000000000000000
     0.000000000000000     0.000000000000000    -0.192429207942850
1 102
    -0.028757718337279     0.000000000000000     0.031952796133161
     0.000000000000000     0.040317135291939     0.000000000000000
     0.031952796133161     0.000000000000000    -0.028757718337279
1 103
    -0.000544438032961     0.000000000000000     0.000092204626824
     0.000000000000000    -0.000304776173530     0.000000000000000
     0.000092204626824     0.000000000000000    -0.000015414860009
1 104
    -0.000544438032961     0.000000000000000    -0.000092204626824
     0.000000000000000    -0.000304776173530     0.000000000000000
    -0.000092204626824     0.000000000000000    -0.000015414860009
1 105
    -0.028757718337279     0.000000000000000    -0.031952796133161
     0.000000000000000     0.040317135291939     0.000000000000000
    -0.031952796133161     0.000000000000000    -0.028757718337279
1 106
     0.040317135291939     0.000000000000000     0.000000000000000
     0.000000000000000    -0.028757718337279     0.031952796133161
     0.000000000000000     0.031952796133161    -0.028757718337279
1 107
    -0.017728486229027    -0.013105327201343     0.013105327201343
    -0.013105327201343    -0.017728486229027     0.013105327201343
     0.013105327201343     0.013105327201343    -0.017728486229027
1 108
    -0.001336374701863    -0.000418136298654     0.000418136298654
    -0.000418136298654     0.000156187655710    -0.000249574789946
     0.000418136298654    -0.000249574789946     0.000156187655710
1 109
    -0.001336374701863     0.000418136298654    -0.000418136298654
     0.000418136298654     0.000156187655710    -0.000249574789946
    -0.000418136298654    -0.000249574789946     0.000156187655710
1 110
    -0.017728486229027     0.013105327201343    -0.013105327201343
     0.013105327201343    -0.017728486229027     0.013105327201343
    -0.013105327201343     0.013105327201343    -0.017728486229027
1 111
    -0.000304776173530     0.000000000000000     0.000000000000000
     0.000000000000000    -0.000544438032961     0.000092204626824
     0.000000000000000     0.000092204626824    -0.000015414860009
1 112
     0.000156187655710    -0.000418136298654    -0.000249574789946
    -0.000418136298654    -0.001336374701863     0.000418136298654
    -0.000249574789946     0.000418136298654     0.000156187655710
1 113
     0.000000000000000     0.000000000000000     0.000000000000000
     0.000000000000000     0.000000000000000     0.000000000000000
     0.000000000000000     0.000000000000000     0.000000000000000
1 114
     0.000000000000000     0.000000000000000     0.000000000000000
     0.000000000000000     0.000000000000000     0.000000000000000
     0.000000000000000     0.000000000000000     0.000000000000000
1 115
     0.000156187655710     0.000418136298654     0.000249574789946
     0.000418136298654    -0.001336374701863     0.000418136298654
     0.000249574789946     0.000418136298654     0.000156187655710
1 116
    -0.000304776173530     0.000000000000000     0.000000000000000
     0.000000000000000    -0.000544438032961    -0.000092204626824
     0.000000000000000    -0.000092204626824    -0.000015414860009
1 117
     0.000156187655710     0.000418136298654    -0.000249574789946
     0.000418136298654    -0.001336374701863    -0.000418136298654
    -0.000249574789946    -0.000418136298654     0.000156187655710
1 118
     0.000000000000000     0.000000000000000     0.000000000000000
     0.000000000000000     0.000000000000000     0.000000000000000
     0.000000000000000     0.000000000000000     0.000000000000000
1 119
     0.000000000000000     0.000000000000000     0.000000000000000
     0.000000000000000     0.000000000000000     0.000000000000000
     0.000000000000000     0.000000000000000     0.000000000000000
1 120
     0.000156187655710    -0.000418136298654     0.000249574789946
    -0.000418136298654    -0.001336374701863    -0.000418136298654
     0.000249574789946    -0.000418136298654     0.000156187655710
1 121
     0.040317135291939     0.000000000000000     0.000000000000000
     0.000000000000000    -0.028757718337279    -0.031952796133161
     0.000000000000000    -0.031952796133161    -0.028757718337279
1 122
    -0.017728486229027     0.013105327201343     0.013105327201343
     0.013105327201343    -0.017728486229027    -0.013105327201343
     0.013105327201343    -0.013105327201343    -0.017728486229027
1 123
    -0.001336374701863     0.000418136298654     0.000418136298654
     0.000418136298654     0.000156187655710     0.000249574789946
     0.000418136298654     0.000249574789946     0.000156187655710
1 124
    -0.001336374701863    -0.000418136298654    -0.000418136298654
    -0.000418136298654     0.000156187655710     0.000249574789946
    -0.000418136298654     0.000249574789946     0.000156187655710
1 125
    -0.017728486229027    -0.013105327201343    -0.013105327201343
    -0.013105327201343    -0.017728486229027    -0.013105327201343
    -0.013105327201343    -0.013105327201343    -0.017728486229027
1 126
    -0.118787356061177    -0.046340142358596    -0.046340142358596
    -0.046340142358596    -0.118787356061177    -0.046340142358596
    -0.046340142358596    -0.046340142358596    -0.118787356061177
1 127
     0.028401506862407     0.004735468036470     0.004735468036470
     0.019978980445720    -0.000825611848535    -0.000937031823929
     0.019978980445720    -0.000937031823929    -0.000825611848535
1 128
     0.000000000000000     0.000000000000000     0.000000000000000
     0.000000000000000     0.000000000000000     0.000000000000000
     0.000000000000000     0.000000000000000     0.000000000000000
1 129
     0.028401506862407    -0.004735468036470    -0.004735468036470
    -0.019978980445720    -0.000825611848535    -0.000937031823929
    -0.019978980445720    -0.000937031823929    -0.000825611848535
1 130
    -0.118787356061177     0.046340142358596     0.046340142358596
     0.046340142358596    -0.118787356061177    -0.046340142358596
     0.046340142358596    -0.046340142358596    -0.118787356061177
1 131
    -0.000825611848535     0.019978980445720    -0.000937031823929
     0.004735468036470     0.028401506862407     0.004735468036470
    -0.000937031823929     0.019978980445720    -0.000825611848535
1 132
     0.001233031323508     0.000812261828306    -0.000261404617995
     0.000812261828306     0.001233031323508    -0.000261404617995
     0.000630566470918     0.000630566470918    -0.000140760105252
1 133
     0.000000000000000     0.000000000000000     0.000000000000000
     0.000000000000000     0.000000000000000     0.000000000000000
     0.000000000000000     0.000000000000000     0.000000000000000
1 134
     0.001233031323508    -0.000812261828306     0.000261404617995
    -0.000812261828306     0.001233031323508    -0.000261404617995
    -0.000630566470918     0.000630566470918    -0.000140760105252
1 135
    -0.000825611848535    -0.019978980445720     0.000937031823929
    -0.004735468036470     0.028401506862407     0.004735468036470
     0.000937031823929     0.019978980445720    -0.000825611848535
1 136
     0.000000000000000     0.000000000000000     0.000000000000000
     0.000000000000000     0.000000000000000     0.000000000000000
     0.000000000000000     0.000000000000000     0.000000000000000
1 137
     0.000000000000000     0.000000000000000     0.000000000000000
     0.000000000000000     0.000000000000000     0.000000000000000
     0.000000000000000     0.000000000000000     0.000000000000000
1 138
     0.000000000000000     0.000000000000000     0.000000000000000
     0.000000000000000     0.000000000000000     0.000000000000000
     0.000000000000000     0.000000000000000     0.000000000000000
1 139
     0.000000000000000     0.000000000000000     0.000000000000000
     0.000000000000000     0.000000000000000     0.000000000000000
     0.000000000000000     0.000000000000000     0.000000000000000
1 140
     0.000000000000000     0.000000000000000     0.000000000000000
     0.000000000000000     0.000000000000000     0.000000000000000
     0.000000000000000     0.000000000000000     0.000000000000000
1 141
    -0.000825611848535    -0.019978980445720    -0.000937031823929
    -0.004735468036470     0.028401506862407    -0.004735468036470
    -0.000937031823929    -0.019978980445720    -0.000825611848535
1 142
     0.001233031323508    -0.000812261828306    -0.000261404617995
    -0.000812261828306     0.001233031323508     0.000261404617995
     0.000630566470918    -0.000630566470918    -0.000140760105252
1 143
     0.000000000000000     0.000000000000000     0.000000000000000
     0.000000000000000     0.000000000000000     0.000000000000000
     0.000000000000000     0.000000000000000     0.000000000000000
1 144
     0.001233031323508     0.000812261828306     0.000261404617995
     0.000812261828306     0.001233031323508     0.000261404617995
    -0.000630566470918    -0.000630566470918    -0.000140760105252
1 145
    -0.000825611848535     0.019978980445720     0.000937031823929
     0.004735468036470     0.028401506862407    -0.004735468036470
     0.000937031823929    -0.019978980445720    -0.000825611848535
1 146
    -0.118787356061177     0.046340142358596    -0.046340142358596
     0.046340142358596    -0.118787356061177     0.046340142358596
    -0.046340142358596     0.046340142358596    -0.118787356061177
1 147
     0.028401506862407    -0.004735468036470     0.004735468036470
    -0.019978980445720    -0.000825611848535     0.000937031823929
     0.019978980445720     0.000937031823929    -0.000825611848535
1 148
     0.000000000000000     0.000000000000000     0.000000000000000
     0.000000000000000     0.000000000000000     0.000000000000000
     0.000000000000000     0.000000000000000     0.000000000000000
1 149
     0.028401506862407     0.004735468036470    -0.004735468036470
     0.019978980445720    -0.000825611848535     0.000937031823929
    -0.019978980445720     0.000937031823929    -0.000825611848535
1 150
    -0.118787356061177    -0.046340142358596     0.046340142358596
    -0.046340142358596    -0.118787356061177     0.046340142358596
     0.046340142358596     0.046340142358596    -0.118787356061177
1 151
    -0.000825611848535    -0.000937031823929     0.019978980445720
    -0.000937031823929    -0.000825611848535     0.019978980445720
     0.004735468036470     0.004735468036470     0.028401506862407
1 152
     0.001233031323508    -0.000261404617995     0.000812261828306
     0.000630566470918    -0.000140760105252     0.000630566470918
     0.000812261828306    -0.000261404617995     0.001233031323508
1 153
     0.000000000000000     0.000000000000000     0.000000000000000
     0.000000000000000     0.000000000000000     0.000000000000000
     0.000000000000000     0.000000000000000     0.000000000000000
1 154
     0.001233031323508     0.000261404617995    -0.000812261828306
    -0.000630566470918    -0.000140760105252     0.000630566470918
    -0.000812261828306    -0.000261404617995     0.001233031323508
1 155
    -0.000825611848535     0.000937031823929    -0.019978980445720
     0.000937031823929    -0.000825611848535     0.019978980445720
    -0.004735468036470     0.004735468036470     0.028401506862407
1 156
    -0.000140760105252     0.000630566470918     0.000630566470918
    -0.000261404617995     0.001233031323508     0.000812261828306
    -0.000261404617995     0.000812261828306     0.001233031323508
1 157
     0.000000000000000     0.000000000000000     0.000000000000000
     0.000000000000000     0.000000000000000     0.000000000000000
     0.000000000000000     0.000000000000000     0.000000000000000
1 158
     0.000000000000000     0.000000000000000     0.000000000000000
     0.000000000000000     0.000000000000000     0.000000000000000
     0.000000000000000     0.000000000000000     0.000000000000000
1 159
     0.000000000000000     0.000000000000000     0.000000000000000
     0.000000000000000     0.000000000000000     0.000000000000000
     0.000000000000000     0.000000000000000     0.000000000000000
1 160
    -0.000140760105252    -0.000630566470918    -0.000630566470918
     0.000261404617995     0.001233031323508     0.000812261828306
     0.000261404617995     0.000812261828306     0.001233031323508
1 161
     0.000000000000000     0.000000000000000     0.000000000000000
     0.000000000000000     0.000000000000000     0.000000000000000
     0.000000000000000     0.000000000000000     0.000000000000000
1 162
     0.000000000000000     0.000000000000000     0.000000000000000
     0.000000000000000     0.000000000000000     0.000000000000000
     0.000000000000000     0.000000000000000     0.000000000000000
1 163
     0.000000000000000     0.000000000000000     0.000000000000000
     0.000000000000000     0.000000000000000     0.000000000000000
     0.000000000000000     0.000000000000000     0.000000000000000
1 164
     0.000000000000000     0.000000000000000     0.000000000000000
     0.000000000000000     0.000000000000000     0.000000000000000
     0.000000000000000     0.000000000000000     0.000000000000000
1 165
     0.000000000000000     0.000000000000000     0.000000000000000
     0.000000000000000     0.000000000000000     0.000000000000000
     0.000000000000000     0.000000000000000     0.000000000000000
1 166
    -0.000140760105252    -0.000630566470918     0.000630566470918
     0.000261404617995     0.001233031323508    -0.000812261828306
    -0.000261404617995    -0.000812261828306     0.001233031323508
1 167
     0.000000000000000     0.000000000000000     0.000000000000000
     0.000000000000000     0.000000000000000     0.000000000000000
     0.000000000000000     0.000000000000000     0.000000000000000
1 168
     0.000000000000000     0.000000000000000     0.000000000000000
     0.000000000000000     0.000000000000000     0.000000000000000
     0.000000000000000     0.000000000000000     0.000000000000000
1 169
     0.000000000000000     0.000000000000000     0.000000000000000
     0.000000000000000     0.000000000000000     0.000000000000000
     0.000000000000000     0.000000000000000     0.000000000000000
1 170
    -0.000140760105252     0.000630566470918    -0.000630566470918
    -0.000261404617995     0.001233031323508    -0.000812261828306
     0.000261404617995    -0.000812261828306     0.001233031323508
1 171
    -0.000825611848535     0.000937031823929     0.019978980445720
     0.000937031823929    -0.000825611848535    -0.019978980445720
     0.004735468036470    -0.004735468036470     0.028401506862407
1 172
     0.001233031323508     0.000261404617995     0.000812261828306
    -0.000630566470918    -0.000140760105252    -0.000630566470918
     0.000812261828306     0.000261404617995     0.001233031323508
1 173
     0.000000000000000     0.000000000000000     0.000000000000000
     0.000000000000000     0.000000000000000     0.000000000000000
     0.000000000000000     0.000000000000000     0.000000000000000
1 174
     0.001233031323508    -0.000261404617995    -0.000812261828306
     0.000630566470918    -0.000140760105252    -0.000630566470918
    -0.000812261828306     0.000261404617995     0.001233031323508
1 175
    -0.000825611848535    -0.000937031823929    -0.019978980445720
    -0.000937031823929    -0.000825611848535    -0.019978980445720
    -0.004735468036470    -0.004735468036470     0.028401506862407
1 176
     0.000000000000000     0.000000000000000     0.000000000000000
     0.000000000000000     0.000000000000000     0.000000000000000
     0.000000000000000     0.000000000000000     0.000000000000000
1 177
     0.000000000000000     0.000000000000000     0.000000000000000
     0.000000000000000     0.000000000000000     0.000000000000000
     0.000000000000000     0.000000000000000     0.000000000000000
1 178
     0.000000000000000     0.000000000000000     0.000000000000000
     0.000000000000000     0.000000000000000     0.000000000000000
     0.000000000000000     0.000000000000000     0.000000000000000
1 179
     0.000000000000000     0.000000000000000     0.000000000000000
     0.000000000000000     0.000000000000000     0.000000000000000
     0.000000000000000     0.000000000000000     0.000000000000000
1 180
     0.000000000000000     0.000000000000000     0.000000000000000
     0.000000000000000     0.000000000000000     0.000000000000000
     0.000000000000000     0.000000000000000     0.000000000000000
1 181
     0.000000000000000     0.000000000000000     0.000000000000000
     0.000000000000000     0.000000000000000     0.000000000000000
     0.000000000000000     0.000000000000000     0.000000000000000
1 182
     0.000000000000000     0.000000000000000     0.000000000000000
     0.000000000000000     0.000000000000000     0.000000000000000
     0.000000000000000     0.000000000000000     0.000000000000000
1 183
     0.000000000000000     0.000000000000000     0.000000000000000
     0.000000000000000     0.000000000000000     0.000000000000000
     0.000000000000000     0.000000000000000     0.000000000000000
1 184
     0.000000000000000     0.000000000000000     0.000000000000000
     0.000000000000000     0.000000000000000     0.000000000000000
     0.000000000000000     0.000000000000000     0.000000000000000
1 185
     0.000000000000000     0.000000000000000     0.000000000000000
     0.000000000000000     0.000000000000000     0.000000000000000
     0.000000000000000     0.000000000000000     0.000000000000000
1 186
     0.000000000000000     0.000000000000000     0.000000000000000
     0.000000000000000     0.000000000000000     0.000000000000000
     0.000000000000000     0.000000000000000     0.000000000000000
1 187
     0.000000000000000     0.000000000000000     0.000000000000000
     0.000000000000000     0.000000000000000     0.000000000000000
     0.000000000000000     0.000000000000000     0.000000000000000
1 188
     0.000000000000000     0.000000000000000     0.000000000000000
     0.000000000000000     0.000000000000000     0.000000000000000
     0.000000000000000     0.000000000000000     0.000000000000000
1 189
     0.000000000000000     0.000000000000000     0.000000000000000
     0.000000000000000     0.000000000000000     0.000000000000000
     0.000000000000000     0.000000000000000     0.000000000000000
1 190
     0.000000000000000     0.000000000000000     0.000000000000000
     0.000000000000000     0.000000000000000     0.000000000000000
     0.000000000000000     0.000000000000000     0.000000000000000
1 191
     0.000000000000000     0.000000000000000     0.000000000000000
     0.000000000000000     0.000000000000000     0.000000000000000
     0.000000000000000     0.000000000000000     0.000000000000000
1 192
     0.000000000000000     0.000000000000000     0.000000000000000
     0.000000000000000     0.000000000000000     0.000000000000000
     0.000000000000000     0.000000000000000     0.000000000000000
1 193
     0.000000000000000     0.000000000000000     0.000000000000000
     0.000000000000000     0.000000000000000     0.000000000000000
     0.000000000000000     0.000000000000000     0.000000000000000
1 194
     0.000000000000000     0.000000000000000     0.000000000000000
     0.000000000000000     0.000000000000000     0.000000000000000
     0.000000000000000     0.000000000000000     0.000000000000000
1 195
     0.000000000000000     0.000000000000000     0.000000000000000
     0.000000000000000     0.000000000000000     0.000000000000000
     0.000000000000000     0.000000000000000     0.000000000000000
1 196
     0.000000000000000     0.000000000000000     0.000000000000000
     0.000000000000000     0.000000000000000     0.000000000000000
     0.000000000000000     0.000000000000000     0.000000000000000
1 197
     0.000000000000000     0.000000000000000     0.000000000000000
     0.000000000000000     0.000000000000000     0.000000000000000
     0.000000000000000     0.000000000000000     0.000000000000000
1 198
     0.000000000000000     0.000000000000000     0.000000000000000
     0.000000000000000     0.000000000000000     0.000000000000000
     0.000000000000000     0.000000000000000     0.000000000000000
1 199
     0.000000000000000     0.000000000000000     0.000000000000000
     0.000000000000000     0.000000000000000     0.000000000000000
     0.000000000000000     0.000000000000000     0.000000000000000
1 200
     0.000000000000000     0.000000000000000     0.000000000000000
     0.000000000000000     0.000000000000000     0.000000000000000
     0.000000000000000     0.000000000000000     0.000000000000000
1 201
    -0.000825611848535    -0.000937031823929    -0.019978980445720
    -0.000937031823929    -0.000825611848535    -0.019978980445720
    -0.004735468036470    -0.004735468036470     0.028401506862407
1 202
     0.001233031323508    -0.000261404617995    -0.000812261828306
     0.000630566470918    -0.000140760105252    -0.000630566470918
    -0.000812261828306     0.000261404617995     0.001233031323508
1 203
     0.000000000000000     0.000000000000000     0.000000000000000
     0.000000000000000     0.000000000000000     0.000000000000000
     0.000000000000000     0.000000000000000     0.000000000000000
1 204
     0.001233031323508     0.000261404617995     0.000812261828306
    -0.000630566470918    -0.000140760105252    -0.000630566470918
     0.000812261828306     0.000261404617995     0.001233031323508
1 205
    -0.000825611848535     0.000937031823929     0.019978980445720
     0.000937031823929    -0.000825611848535    -0.019978980445720
     0.004735468036470    -0.004735468036470     0.028401506862407
1 206
    -0.000140760105252     0.000630566470918    -0.000630566470918
    -0.000261404617995     0.001233031323508    -0.000812261828306
     0.000261404617995    -0.000812261828306     0.001233031323508
1 207
     0.000000000000000     0.000000000000000     0.000000000000000
     0.000000000000000     0.000000000000000     0.000000000000000
     0.000000000000000     0.000000000000000     0.000000000000000
1 208
     0.000000000000000     0.000000000000000     0.000000000000000
     0.000000000000000     0.000000000000000     0.000000000000000
     0.000000000000000     0.000000000000000     0.000000000000000
1 209
     0.000000000000000     0.000000000000000     0.000000000000000
     0.000000000000000     0.000000000000000     0.000000000000000
     0.000000000000000     0.000000000000000     0.000000000000000
1 210
    -0.000140760105252    -0.000630566470918     0.000630566470918
     0.000261404617995     0.001233031323508    -0.000812261828306
    -0.000261404617995    -0.000812261828306     0.001233031323508
1 211
     0.000000000000000     0.000000000000000     0.000000000000000
     0.000000000000000     0.000000000000000     0.000000000000000
     0.000000000000000     0.000000000000000     0.000000000000000
1 212
     0.000000000000000     0.000000000000000     0.000000000000000
     0.000000000000000     0.000000000000000     0.000000000000000
     0.000000000000000     0.000000000000000     0.000000000000000
1 213
     0.000000000000000     0.000000000000000     0.000000000000000
     0.000000000000000     0.000000000000000     0.000000000000000
     0.000000000000000     0.000000000000000     0.000000000000000
1 214
     0.000000000000000     0.000000000000000     0.000000000000000
     0.000000000000000     0.000000000000000     0.000000000000000
     0.000000000000000     0.000000000000000     0.000000000000000
1 215
     0.000000000000000     0.000000000000000     0.000000000000000
     0.000000000000000     0.000000000000000     0.000000000000000
     0.000000000000000     0.000000000000000     0.000000000000000
1 216
    -0.000140760105252    -0.000630566470918    -0.000630566470918
     0.000261404617995     0.001233031323508     0.000812261828306
     0.000261404617995     0.000812261828306     0.001233031323508
1 217
     0.000000000000000     0.000000000000000     0.000000000000000
     0.000000000000000     0.000000000000000     0.000000000000000
     0.000000000000000     0.000000000000000     0.000000000000000
1 218
     0.000000000000000     0.000000000000000     0.000000000000000
     0.000000000000000     0.000000000000000     0.000000000000000
     0.000000000000000     0.000000000000000     0.000000000000000
1 219
     0.000000000000000     0.000000000000000     0.000000000000000
     0.000000000000000     0.000000000000000     0.000000000000000
     0.000000000000000     0.000000000000000     0.000000000000000
1 220
    -0.000140760105252     0.000630566470918     0.000630566470918
    -0.000261404617995     0.001233031323508     0.000812261828306
    -0.000261404617995     0.000812261828306     0.001233031323508
1 221
    -0.000825611848535     0.000937031823929    -0.019978980445720
     0.000937031823929    -0.000825611848535     0.019978980445720
    -0.004735468036470     0.004735468036470     0.028401506862407
1 222
     0.001233031323508     0.000261404617995    -0.000812261828306
    -0.000630566470918    -0.000140760105252     0.000630566470918
    -0.000812261828306    -0.000261404617995     0.001233031323508
1 223
     0.000000000000000     0.000000000000000     0.000000000000000
     0.000000000000000     0.000000000000000     0.000000000000000
     0.000000000000000     0.000000000000000     0.000000000000000
1 224
     0.001233031323508    -0.000261404617995     0.000812261828306
     0.000630566470918    -0.000140760105252     0.000630566470918
     0.000812261828306    -0.000261404617995     0.001233031323508
1 225
    -0.000825611848535    -0.000937031823929     0.019978980445720
    -0.000937031823929    -0.000825611848535     0.019978980445720
     0.004735468036470     0.004735468036470     0.028401506862407
1 226
    -0.118787356061177    -0.046340142358596     0.046340142358596
    -0.046340142358596    -0.118787356061177     0.046340142358596
     0.046340142358596     0.046340142358596    -0.118787356061177
1 227
     0.028401506862407     0.004735468036470    -0.004735468036470
     0.019978980445720    -0.000825611848535     0.000937031823929
    -0.019978980445720     0.000937031823929    -0.000825611848535
1 228
     0.000000000000000     0.000000000000000     0.000000000000000
     0.000000000000000     0.000000000000000     0.000000000000000
     0.000000000000000     0.000000000000000     0.000000000000000
1 229
     0.028401506862407    -0.004735468036470     0.004735468036470
    -0.019978980445720    -0.000825611848535     0.000937031823929
     0.019978980445720     0.000937031823929    -0.000825611848535
1 230
    -0.118787356061177     0.046340142358596    -0.046340142358596
     0.046340142358596    -0.118787356061177     0.046340142358596
    -0.046340142358596     0.046340142358596    -0.118787356061177
1 231
    -0.000825611848535     0.019978980445720     0.000937031823929
     0.004735468036470     0.028401506862407    -0.004735468036470
     0.000937031823929    -0.019978980445720    -0.000825611848535
1 232
     0.001233031323508     0.000812261828306     0.000261404617995
     0.000812261828306     0.001233031323508     0.000261404617995
    -0.000630566470918    -0.000630566470918    -0.000140760105252
1 233
     0.000000000000000     0.000000000000000     0.000000000000000
     0.000000000000000     0.000000000000000     0.000000000000000
     0.000000000000000     0.000000000000000     0.000000000000000
1 234
     0.001233031323508    -0.000812261828306    -0.000261404617995
    -0.000812261828306     0.001233031323508     0.000261404617995
     0.000630566470918    -0.000630566470918    -0.000140760105252
1 235
    -0.000825611848535    -0.019978980445720    -0.000937031823929
    -0.004735468036470     0.028401506862407    -0.004735468036470
    -0.000937031823929    -0.019978980445720    -0.000825611848535
1 236
     0.000000000000000     0.000000000000000     0.000000000000000
     0.000000000000000     0.000000000000000     0.000000000000000
     0.000000000000000     0.000000000000000     0.000000000000000
1 237
     0.000000000000000     0.000000000000000     0.000000000000000
     0.000000000000000     0.000000000000000     0.000000000000000
     0.000000000000000     0.000000000000000     0.000000000000000
1 238
     0.000000000000000     0.000000000000000     0.000000000000000
     0.000000000000000     0.000000000000000     0.000000000000000
     0.000000000000000     0.000000000000000     0.000000000000000
1 239
     0.000000000000000     0.000000000000000     0.000000000000000
     0.000000000000000     0.000000000000000     0.000000000000000
     0.000000000000000     0.000000000000000     0.000000000000000
1 240
     0.000000000000000     0.000000000000000     0.000000000000000
     0.000000000000000     0.000000000000000     0.000000000000000
     0.000000000000000     0.000000000000000     0.000000000000000
1 241
    -0.000825611848535    -0.019978980445720     0.000937031823929
    -0.004735468036470     0.028401506862407     0.004735468036470
     0.000937031823929     0.019978980445720    -0.000825611848535
1 242
     0.001233031323508    -0.000812261828306     0.000261404617995
    -0.000812261828306     0.001233031323508    -0.000261404617995
    -0.000630566470918     0.000630566470918    -0.000140760105252
1 243
     0.000000000000000     0.000000000000000     0.000000000000000
     0.000000000000000     0.000000000000000     0.000000000000000
     0.000000000000000     0.000000000000000     0.000000000000000
1 244
     0.001233031323508     0.000812261828306    -0.000261404617995
     0.000812261828306     0.001233031323508    -0.000261404617995
     0.000630566470918     0.000630566470918    -0.000140760105252
1 245
    -0.000825611848535     0.019978980445720    -0.000937031823929
     0.004735468036470     0.028401506862407     0.004735468036470
    -0.000937031823929     0.019978980445720    -0.000825611848535
1 246
    -0.118787356061177     0.046340142358596     0.046340142358596
     0.046340142358596    -0.118787356061177    -0.046340142358596
     0.046340142358596    -0.046340142358596    -0.118787356061177
1 247
     0.028401506862407    -0.004735468036470    -0.004735468036470
    -0.019978980445720    -0.000825611848535    -0.000937031823929
    -0.019978980445720    -0.000937031823929    -0.000825611848535
1 248
     0.000000000000000     0.000000000000000     0.000000000000000
     0.000000000000000     0.000000000000000     0.000000000000000
     0.000000000000000     0.000000000000000     0.000000000000000
1 249
     0.028401506862407     0.004735468036470     0.004735468036470
     0.019978980445720    -0.000825611848535    -0.000937031823929
     0.019978980445720    -0.000937031823929    -0.000825611848535
1 250
    -0.118787356061177    -0.046340142358596    -0.046340142358596
    -0.046340142358596    -0.118787356061177    -0.046340142358596
    -0.046340142358596    -0.046340142358596    -0.118787356061177
2 1
    -0.118787356061177    -0.046340142358596    -0.046340142358596
    -0.046340142358596    -0.118787356061177    -0.046340142358596
    -0.046340142358596    -0.046340142358596    -0.118787356061177
2 2
    -0.118787356061177     0.046340142358596     0.046340142358596
     0.046340142358596    -0.118787356061177    -0.046340142358596
     0.046340142358596    -0.046340142358596    -0.118787356061177
2 3
     0.028401506862407    -0.019978980445720    -0.019978980445720
    -0.004735468036470    -0.000825611848535    -0.000937031823929
    -0.004735468036470    -0.000937031823929    -0.000825611848535
2 4
     0.000000000000000     0.000000000000000     0.000000000000000
     0.000000000000000     0.000000000000000     0.000000000000000
     0.000000000000000     0.000000000000000     0.000000000000000
2 5
     0.028401506862407     0.019978980445720     0.019978980445720
     0.004735468036470    -0.000825611848535    -0.000937031823929
     0.004735468036470    -0.000937031823929    -0.000825611848535
2 6
    -0.118787356061177     0.046340142358596    -0.046340142358596
     0.046340142358596    -0.118787356061177     0.046340142358596
    -0.046340142358596     0.046340142358596    -0.118787356061177
2 7
    -0.118787356061177    -0.046340142358596     0.046340142358596
    -0.046340142358596    -0.118787356061177     0.046340142358596
     0.046340142358596     0.046340142358596    -0.118787356061177
2 8
     0.028401506862407     0.019978980445720    -0.019978980445720
     0.004735468036470    -0.000825611848535     0.000937031823929
    -0.004735468036470     0.000937031823929    -0.000825611848535
2 9
     0.000000000000000     0.000000000000000     0.000000000000000
     0.000000000000000     0.000000000000000     0.000000000000000
     0.000000000000000     0.000000000000000     0.000000000000000
2 10
     0.028401506862407    -0.019978980445720     0.019978980445720
    -0.004735468036470    -0.000825611848535     0.000937031823929
     0.004735468036470     0.000937031823929    -0.000825611848535
2 11
    -0.000825611848535    -0.004735468036470    -0.000937031823929
    -0.019978980445720     0.028401506862407    -0.019978980445720
    -0.000937031823929    -0.004735468036470    -0.000825611848535
2 12
    -0.000825611848535     0.004735468036470     0.000937031823929
     0.019978980445720     0.028401506862407    -0.019978980445720
     0.000937031823929    -0.004735468036470    -0.000825611848535
2 13
     0.001233031323508     0.000812261828306    -0.000630566470918
     0.000812261828306     0.001233031323508    -0.000630566470918
     0.000261404617995     0.000261404617995    -0.000140760105252
2 14
     0.000000000000000     0.000000000000000     0.000000000000000
     0.000000000000000     0.000000000000000     0.000000000000000
     0.000000000000000     0.000000000000000     0.000000000000000
2 15
     0.001233031323508    -0.000812261828306     0.000630566470918
    -0.000812261828306     0.001233031323508    -0.000630566470918
    -0.000261404617995     0.000261404617995    -0.000140760105252
2 16
     0.000000000000000     0.000000000000000     0.000000000000000
     0.000000000000000     0.000000000000000     0.000000000000000
     0.000000000000000     0.000000000000000     0.000000000000000
2 17
     0.000000000000000     0.000000000000000     0.000000000000000
     0.000000000000000     0.000000000000000     0.000000000000000
     0.000000000000000     0.000000000000000     0.000000000000000
2 18
     0.000000000000000     0.000000000000000     0.000000000000000
     0.000000000000000     0.000000000000000     0.000000000000000
     0.000000000000000     0.000000000000000     0.000000000000000
2 19
     0.000000000000000     0.000000000000000     0.000000000000000
     0.000000000000000     0.000000000000000     0.000000000000000
     0.000000000000000     0.000000000000000     0.000000000000000
2 20
     0.000000000000000     0.000000000000000     0.000000000000000
     0.000000000000000     0.000000000000000     0.000000000000000
     0.000000000000000     0.000000000000000     0.000000000000000
2 21
    -0.000825611848535     0.004735468036470    -0.000937031823929
     0.019978980445720     0.028401506862407     0.019978980445720
    -0.000937031823929     0.004735468036470    -0.000825611848535
2 22
    -0.000825611848535    -0.004735468036470     0.000937031823929
    -0.019978980445720     0.028401506862407     0.019978980445720
     0.000937031823929     0.004735468036470    -0.000825611848535
2 23
     0.001233031323508    -0.000812261828306    -0.000630566470918
    -0.000812261828306     0.001233031323508     0.000630566470918
     0.000261404617995    -0.000261404617995    -0.000140760105252
2 24
     0.000000000000000     0.000000000000000     0.000000000000000
     0.000000000000000     0.000000000000000     0.000000000000000
     0.000000000000000     0.000000000000000     0.000000000000000
2 25
     0.001233031323508     0.000812261828306     0.000630566470918
     0.000812261828306     0.001233031323508     0.000630566470918
    -0.000261404617995    -0.000261404617995    -0.000140760105252
2 26
    -0.118787356061177    -0.046340142358596     0.046340142358596
    -0.046340142358596    -0.118787356061177     0.046340142358596
     0.046340142358596     0.046340142358596    -0.118787356061177
2 27
    -0.118787356061177     0.046340142358596    -0.046340142358596
     0.046340142358596    -0.118787356061177     0.046340142358596
    -0.046340142358596     0.046340142358596    -0.118787356061177
2 28
     0.028401506862407    -0.019978980445720     0.019978980445720
    -0.004735468036470    -0.000825611848535     0.000937031823929
     0.004735468036470     0.000937031823929    -0.000825611848535
2 29
     0.000000000000000     0.000000000000000     0.000000000000000
     0.000000000000000     0.000000000000000     0.000000000000000
     0.000000000000000     0.000000000000000     0.000000000000000
2 30
     0.028401506862407     0.019978980445720    -0.019978980445720
     0.004735468036470    -0.000825611848535     0.000937031823929
    -0.004735468036470     0.000937031823929    -0.000825611848535
2 31
    -0.118787356061177     0.046340142358596     0.046340142358596
     0.046340142358596    -0.118787356061177    -0.046340142358596
     0.046340142358596    -0.046340142358596    -0.118787356061177
2 32
    -0.118787356061177    -0.046340142358596    -0.046340142358596
    -0.046340142358596    -0.118787356061177    -0.046340142358596
    -0.046340142358596    -0.046340142358596    -0.118787356061177
2 33
     0.028401506862407     0.019978980445720     0.019978980445720
     0.004735468036470    -0.000825611848535    -0.000937031823929
     0.004735468036470    -0.000937031823929    -0.000825611848535
2 34
     0.000000000000000     0.000000000000000     0.000000000000000
     0.000000000000000     0.000000000000000     0.000000000000000
     0.000000000000000     0.000000000000000     0.000000000000000
2 35
     0.028401506862407    -0.019978980445720    -0.019978980445720
    -0.004735468036470    -0.000825611848535    -0.000937031823929
    -0.004735468036470    -0.000937031823929    -0.000825611848535
2 36
    -0.000825611848535    -0.004735468036470     0.000937031823929
    -0.019978980445720     0.028401506862407     0.019978980445720
     0.000937031823929     0.004735468036470    -0.000825611848535
2 37
    -0.000825611848535     0.004735468036470    -0.000937031823929
     0.019978980445720     0.028401506862407     0.019978980445720
    -0.000937031823929     0.004735468036470    -0.000825611848535
2 38
     0.001233031323508     0.000812261828306     0.000630566470918
     0.000812261828306     0.001233031323508     0.000630566470918
    -0.000261404617995    -0.000261404617995    -0.000140760105252
2 39
     0.000000000000000     0.000000000000000     0.000000000000000
     0.000000000000000     0.000000000000000     0.000000000000000
     0.000000000000000     0.000000000000000     0.000000000000000
2 40
     0.001233031323508    -0.000812261828306    -0.000630566470918
    -0.000812261828306     0.001233031323508     0.000630566470918
     0.000261404617995    -0.000261404617995    -0.000140760105252
2 41
     0.000000000000000     0.000000000000000     0.000000000000000
     0.000000000000000     0.000000000000000     0.000000000000000
     0.000000000000000     0.000000000000000     0.000000000000000
2 42
     0.000000000000000     0.000000000000000     0.000000000000000
     0.000000000000000     0.000000000000000     0.000000000000000
     0.000000000000000     0.000000000000000     0.000000000000000
2 43
     0.000000000000000     0.000000000000000     0.000000000000000
     0.000000000000000     0.000000000000000     0.000000000000000
     0.000000000000000     0.000000000000000     0.000000000000000
2 44
     0.000000000000000     0.000000000000000     0.000000000000000
     0.000000000000000     0.000000000000000     0.000000000000000
     0.000000000000000     0.000000000000000     0.000000000000000
2 45
     0.000000000000000     0.000000000000000     0.000000000000000
     0.000000000000000     0.000000000000000     0.000000000000000
     0.000000000000000     0.000000000000000     0.000000000000000
2 46
    -0.000825611848535     0.004735468036470     0.000937031823929
     0.019978980445720     0.028401506862407    -0.019978980445720
     0.000937031823929    -0.004735468036470    -0.000825611848535
2 47
    -0.000825611848535    -0.004735468036470    -0.000937031823929
    -0.019978980445720     0.028401506862407    -0.019978980445720
    -0.000937031823929    -0.004735468036470    -0.000825611848535
2 48
     0.001233031323508    -0.000812261828306     0.000630566470918
    -0.000812261828306     0.001233031323508    -0.000630566470918
    -0.000261404617995     0.000261404617995    -0.000140760105252
2 49
     0.000000000000000     0.000000000000000     0.000000000000000
     0.000000000000000     0.000000000000000     0.000000000000000
     0.000000000000000     0.000000000000000     0.000000000000000
2 50
     0.001233031323508     0.000812261828306    -0.000630566470918
     0.000812261828306     0.001233031323508    -0.000630566470918
     0.000261404617995     0.000261404617995    -0.000140760105252
2 51
    -0.000825611848535    -0.000937031823929    -0.004735468036470
    -0.000937031823929    -0.000825611848535    -0.004735468036470
    -0.019978980445720    -0.019978980445720     0.028401506862407
2 52
    -0.000825611848535     0.000937031823929     0.004735468036470
     0.000937031823929    -0.000825611848535    -0.004735468036470
     0.019978980445720    -0.019978980445720     0.028401506862407
2 53
     0.001233031323508    -0.000630566470918     0.000812261828306
     0.000261404617995    -0.000140760105252     0.000261404617995
     0.000812261828306    -0.000630566470918     0.001233031323508
2 54
     0.000000000000000     0.000000000000000     0.000000000000000
     0.000000000000000     0.000000000000000     0.000000000000000
     0.000000000000000     0.000000000000000     0.000000000000000
2 55
     0.001233031323508     0.000630566470918    -0.000812261828306
    -0.000261404617995    -0.000140760105252     0.000261404617995
    -0.000812261828306    -0.000630566470918     0.001233031323508
2 56
    -0.000825611848535     0.000937031823929    -0.004735468036470
     0.000937031823929    -0.000825611848535     0.004735468036470
    -0.019978980445720     0.019978980445720     0.028401506862407
2 57
    -0.000825611848535    -0.000937031823929     0.004735468036470
    -0.000937031823929    -0.000825611848535     0.004735468036470
     0.019978980445720     0.019978980445720     0.028401506862407
2 58
     0.001233031323508     0.000630566470918     0.000812261828306
    -0.000261404617995    -0.000140760105252    -0.000261404617995
     0.000812261828306     0.000630566470918     0.001233031323508
2 59
     0.000000000000000     0.000000000000000     0.000000000000000
     0.000000000000000     0.000000000000000     0.000000000000000
     0.000000000000000     0.000000000000000     0.000000000000000
2 60
     0.001233031323508    -0.000630566470918    -0.000812261828306
     0.000261404617995    -0.000140760105252    -0.000261404617995
    -0.000812261828306     0.000630566470918     0.001233031323508
2 61
    -0.000140760105252     0.000261404617995     0.000261404617995
    -0.000630566470918     0.001233031323508     0.000812261828306
    -0.000630566470918     0.000812261828306     0.001233031323508
2 62
    -0.000140760105252    -0.000261404617995    -0.000261404617995
     0.000630566470918     0.001233031323508     0.000812261828306
     0.000630566470918     0.000812261828306     0.001233031323508
2 63
     0.000000000000000     0.000000000000000     0.000000000000000
     0.000000000000000     0.000000000000000     0.000000000000000
     0.000000000000000     0.000000000000000     0.000000000000000
2 64
     0.000000000000000     0.000000000000000     0.000000000000000
     0.000000000000000     0.000000000000000     0.000000000000000
     0.000000000000000     0.000000000000000     0.000000000000000
2 65
     0.000000000000000     0.000000000000000     0.000000000000000
     0.000000000000000     0.000000000000000     0.000000000000000
     0.000000000000000     0.000000000000000     0.000000000000000
2 66
     0.000000000000000     0.000000000000000     0.000000000000000
     0.000000000000000     0.000000000000000     0.000000000000000
     0.000000000000000     0.000000000000000     0.000000000000000
2 67
     0.000000000000000     0.000000000000000     0.000000000000000
     0.000000000000000     0.000000000000000     0.000000000000000
     0.000000000000000     0.000000000000000     0.000000000000000
2 68
     0.000000000000000     0.000000000000000     0.000000000000000
     0.000000000000000     0.000000000000000     0.000000000000000
     0.000000000000000     0.000000000000000     0.000000000000000
2 69
     0.000000000000000     0.000000000000000     0.000000000000000
     0.000000000000000     0.000000000000000     0.000000000000000
     0.000000000000000     0.000000000000000     0.000000000000000
2 70
     0.000000000000000     0.000000000000000     0.000000000000000
     0.000000000000000     0.000000000000000     0.000000000000000
     0.000000000000000     0.000000000000000     0.000000000000000
2 71
    -0.000140760105252    -0.000261404617995     0.000261404617995
     0.000630566470918     0.001233031323508    -0.000812261828306
    -0.000630566470918    -0.000812261828306     0.001233031323508
2 72
    -0.000140760105252     0.000261404617995    -0.000261404617995
    -0.000630566470918     0.001233031323508    -0.000812261828306
     0.000630566470918    -0.000812261828306     0.001233031323508
2 73
     0.000000000000000     0.000000000000000     0.000000000000000
     0.000000000000000     0.000000000000000     0.000000000000000
     0.000000000000000     0.000000000000000     0.000000000000000
2 74
     0.000000000000000     0.000000000000000     0.000000000000000
     0.000000000000000     0.000000000000000     0.000000000000000
     0.000000000000000     0.000000000000000     0.000000000000000
2 75
     0.000000000000000     0.000000000000000     0.000000000000000
     0.000000000000000     0.000000000000000     0.000000000000000
     0.000000000000000     0.000000000000000     0.000000000000000
2 76
     0.000000000000000     0.000000000000000     0.000000000000000
     0.000000000000000     0.000000000000000     0.000000000000000
     0.000000000000000     0.000000000000000     0.000000000000000
2 77
     0.000000000000000     0.000000000000000     0.000000000000000
     0.000000000000000     0.000000000000000     0.000000000000000
     0.000000000000000     0.000000000000000     0.000000000000000
2 78
     0.000000000000000     0.000000000000000     0.000000000000000
     0.000000000000000     0.000000000000000     0.000000000000000
     0.000000000000000     0.000000000000000     0.000000000000000
2 79
     0.000000000000000     0.000000000000000     0.000000000000000
     0.000000000000000     0.000000000000000     0.000000000000000
     0.000000000000000     0.000000000000000     0.000000000000000
2 80
     0.000000000000000     0.000000000000000     0.000000000000000
     0.000000000000000     0.000000000000000     0.000000000000000
     0.000000000000000     0.000000000000000     0.000000000000000
2 81
     0.000000000000000     0.000000000000000     0.000000000000000
     0.000000000000000     0.000000000000000     0.000000000000000
     0.000000000000000     0.000000000000000     0.000000000000000
2 82
     0.000000000000000     0.000000000000000     0.000000000000000
     0.000000000000000     0.000000000000000     0.000000000000000
     0.000000000000000     0.000000000000000     0.000000000000000
2 83
     0.000000000000000     0.000000000000000     0.000000000000000
     0.000000000000000     0.000000000000000     0.000000000000000
     0.000000000000000     0.000000000000000     0.000000000000000
2 84
     0.000000000000000     0.000000000000000     0.000000000000000
     0.000000000000000     0.000000000000000     0.000000000000000
     0.000000000000000     0.000000000000000     0.000000000000000
2 85
     0.000000000000000     0.000000000000000     0.000000000000000
     0.000000000000000     0.000000000000000     0.000000000000000
     0.000000000000000     0.000000000000000     0.000000000000000
2 86
     0.000000000000000     0.000000000000000     0.000000000000000
     0.000000000000000     0.000000000000000     0.000000000000000
     0.000000000000000     0.000000000000000     0.000000000000000
2 87
     0.000000000000000     0.000000000000000     0.000000000000000
     0.000000000000000     0.000000000000000     0.000000000000000
     0.000000000000000     0.000000000000000     0.000000000000000
2 88
     0.000000000000000     0.000000000000000     0.000000000000000
     0.000000000000000     0.000000000000000     0.000000000000000
     0.000000000000000     0.000000000000000     0.000000000000000
2 89
     0.000000000000000     0.000000000000000     0.000000000000000
     0.000000000000000     0.000000000000000     0.000000000000000
     0.000000000000000     0.000000000000000     0.000000000000000
2 90
     0.000000000000000     0.000000000000000     0.000000000000000
     0.000000000000000     0.000000000000000     0.000000000000000
     0.000000000000000     0.000000000000000     0.000000000000000
2 91
     0.000000000000000     0.000000000000000     0.000000000000000
     0.000000000000000     0.000000000000000     0.000000000000000
     0.000000000000000     0.000000000000000     0.000000000000000
2 92
     0.000000000000000     0.000000000000000     0.000000000000000
     0.000000000000000     0.000000000000000     0.000000000000000
     0.000000000000000     0.000000000000000     0.000000000000000
2 93
     0.000000000000000     0.000000000000000     0.000000000000000
     0.000000000000000     0.000000000000000     0.000000000000000
     0.000000000000000     0.000000000000000     0.000000000000000
2 94
     0.000000000000000     0.000000000000000     0.000000000000000
     0.000000000000000     0.000000000000000     0.000000000000000
     0.000000000000000     0.000000000000000     0.000000000000000
2 95
     0.000000000000000     0.000000000000000     0.000000000000000
     0.000000000000000     0.000000000000000     0.000000000000000
     0.000000000000000     0.000000000000000     0.000000000000000
2 96
     0.000000000000000     0.000000000000000     0.000000000000000
     0.000000000000000     0.000000000000000     0.000000000000000
     0.000000000000000     0.000000000000000     0.000000000000000
2 97
     0.000000000000000     0.000000000000000     0.000000000000000
     0.000000000000000     0.000000000000000     0.000000000000000
     0.000000000000000     0.000000000000000     0.000000000000000
2 98
     0.000000000000000     0.000000000000000     0.000000000000000
     0.000000000000000     0.000000000000000     0.000000000000000
     0.000000000000000     0.000000000000000     0.000000000000000
2 99
     0.000000000000000     0.000000000000000     0.000000000000000
     0.000000000000000     0.000000000000000     0.000000000000000
     0.000000000000000     0.000000000000000     0.000000000000000
2 100
     0.000000000000000     0.000000000000000     0.000000000000000
     0.000000000000000     0.000000000000000     0.000000000000000
     0.000000000000000     0.000000000000000     0.000000000000000
2 101
    -0.000825611848535    -0.000937031823929     0.004735468036470
    -0.000937031823929    -0.000825611848535     0.004735468036470
     0.019978980445720     0.019978980445720     0.028401506862407
2 102
    -0.000825611848535     0.000937031823929    -0.004735468036470
     0.000937031823929    -0.000825611848535     0.004735468036470
    -0.019978980445720     0.019978980445720     0.028401506862407
2 103
     0.001233031323508    -0.000630566470918    -0.000812261828306
     0.000261404617995    -0.000140760105252    -0.000261404617995
    -0.000812261828306     0.000630566470918     0.001233031323508
2 104
     0.000000000000000     0.000000000000000     0.000000000000000
     0.000000000000000     0.000000000000000     0.000000000000000
     0.000000000000000     0.000000000000000     0.000000000000000
2 105
     0.001233031323508     0.000630566470918     0.000812261828306
    -0.000261404617995    -0.000140760105252    -0.000261404617995
     0.000812261828306     0.000630566470918     0.001233031323508
2 106
    -0.000825611848535     0.000937031823929     0.004735468036470
     0.000937031823929    -0.000825611848535    -0.004735468036470
     0.019978980445720    -0.019978980445720     0.028401506862407
2 107
    -0.000825611848535    -0.000937031823929    -0.004735468036470
    -0.000937031823929    -0.000825611848535    -0.004735468036470
    -0.019978980445720    -0.019978980445720     0.028401506862407
2 108
     0.001233031323508     0.000630566470918    -0.000812261828306
    -0.000261404617995    -0.000140760105252     0.000261404617995
    -0.000812261828306    -0.000630566470918     0.001233031323508
2 109
     0.000000000000000     0.000000000000000     0.000000000000000
     0.000000000000000     0.000000000000000     0.000000000000000
     0.000000000000000     0.000000000000000     0.000000000000000
2 110
     0.001233031323508    -0.000630566470918     0.000812261828306
     0.000261404617995    -0.000140760105252     0.000261404617995
     0.000812261828306    -0.000630566470918     0.001233031323508
2 111
    -0.000140760105252     0.000261404617995    -0.000261404617995
    -0.000630566470918     0.001233031323508    -0.000812261828306
     0.000630566470918    -0.000812261828306     0.001233031323508
2 112
    -0.000140760105252    -0.000261404617995     0.000261404617995
     0.000630566470918     0.001233031323508    -0.000812261828306
    -0.000630566470918    -0.000812261828306     0.001233031323508
2 113
     0.000000000000000     0.000000000000000     0.000000000000000
     0.000000000000000     0.000000000000000     0.000000000000000
     0.000000000000000     0.000000000000000     0.000000000000000
2 114
     0.000000000000000     0.000000000000000     0.000000000000000
     0.000000000000000     0.000000000000000     0.000000000000000
     0.000000000000000     0.000000000000000     0.000000000000000
2 115
     0.000000000000000     0.000000000000000     0.000000000000000
     0.000000000000000     0.000000000000000     0.000000000000000
     0.000000000000000     0.000000000000000     0.000000000000000
2 116
     0.000000000000000     0.000000000000000     0.000000000000000
     0.000000000000000     0.000000000000000     0.000000000000000
     0.000000000000000     0.000000000000000     0.000000000000000
2 117
     0.000000000000000     0.000000000000000     0.000000000000000
     0.000000000000000     0.000000000000000     0.000000000000000
     0.000000000000000     0.000000000000000     0.000000000000000
2 118
     0.000000000000000     0.000000000000000     0.000000000000000
     0.000000000000000     0.000000000000000     0.000000000000000
     0.000000000000000     0.000000000000000     0.000000000000000
2 119
     0.000000000000000     0.000000000000000     0.000000000000000
     0.000000000000000     0.000000000000000     0.000000000000000
     0.000000000000000     0.000000000000000     0.000000000000000
2 120
     0.000000000000000     0.000000000000000     0.000000000000000
     0.000000000000000     0.000000000000000     0.000000000000000
     0.000000000000000     0.000000000000000     0.000000000000000
2 121
    -0.000140760105252    -0.000261404617995    -0.000261404617995
     0.000630566470918     0.001233031323508     0.000812261828306
     0.000630566470918     0.000812261828306     0.001233031323508
2 122
    -0.000140760105252     0.000261404617995     0.000261404617995
    -0.000630566470918     0.001233031323508     0.000812261828306
    -0.000630566470918     0.000812261828306     0.001233031323508
2 123
     0.000000000000000     0.000000000000000     0.000000000000000
     0.000000000000000     0.000000000000000     0.000000000000000
     0.000000000000000     0.000000000000000     0.000000000000000
2 124
     0.000000000000000     0.000000000000000     0.000000000000000
     0.000000000000000     0.000000000000000     0.000000000000000
     0.000000000000000     0.000000000000000     0.000000000000000
2 125
     0.000000000000000     0.000000000000000     0.000000000000000
     0.000000000000000     0.000000000000000     0.000000000000000
     0.000000000000000     0.000000000000000     0.000000000000000
2 126
     1.526516846520517     0.000000000000000     0.000000000000000
     0.000000000000000     1.526516846520517     0.000000000000000
     0.000000000000000     0.000000000000000     1.526516846520517
2 127
    -0.472885167313564     0.000000000000000     0.000000000000000
     0.000000000000000     0.086937643400886     0.000000000000000
     0.000000000000000     0.000000000000000     0.086937643400886
2 128
    -0.035231669128913     0.000000000000000     0.000000000000000
     0.000000000000000    -0.000553837011166     0.000000000000000
     0.000000000000000     0.000000000000000    -0.000553837011166
2 129
    -0.035231669128913     0.000000000000000     0.000000000000000
     0.000000000000000    -0.000553837011166     0.000000000000000
     0.000000000000000     0.000000000000000    -0.000553837011166
2 130
    -0.472885167313564     0.000000000000000     0.000000000000000
     0.000000000000000     0.086937643400886     0.000000000000000
     0.000000000000000     0.000000000000000     0.086937643400886
2 131
     0.086937643400886     0.000000000000000     0.000000000000000
     0.000000000000000    -0.472885167313564     0.000000000000000
     0.000000000000000     0.000000000000000     0.086937643400886
2 132
    -0.015957862926853    -0.031263339358787     0.000000000000000
    -0.031263339358787    -0.015957862926853     0.000000000000000
     0.000000000000000     0.000000000000000     0.012952298609541
2 133
    -0.001713329765075    -0.001010411425534     0.000000000000000
    -0.001010411425534    -0.001789296495640     0.000000000000000
     0.000000000000000     0.000000000000000    -0.000725017016096
2 134
    -0.001713329765075     0.001010411425534     0.000000000000000
     0.001010411425534    -0.001789296495640     0.000000000000000
     0.000000000000000     0.000000000000000    -0.000725017016096
2 135
    -0.015957862926853     0.031263339358787     0.000000000000000
     0.031263339358787    -0.015957862926853     0.000000000000000
     0.000000000000000     0.000000000000000     0.012952298609541
2 136
    -0.000553837011166     0.000000000000000     0.000000000000000
     0.000000000000000    -0.035231669128913     0.000000000000000
     0.000000000000000     0.000000000000000    -0.000553837011166
2 137
    -0.001789296495640    -0.001010411425534     0.000000000000000
    -0.001010411425534    -0.001713329765075     0.000000000000000
     0.000000000000000     0.000000000000000    -0.000725017016096
2 138
     0.000000000000000     0.000000000000000     0.000000000000000
     0.000000000000000     0.000000000000000     0.000000000000000
     0.000000000000000     0.000000000000000     0.000000000000000
2 139
     0.000000000000000     0.000000000000000     0.000000000000000
     0.000000000000000     0.000000000000000     0.000000000000000
     0.000000000000000     0.000000000000000     0.000000000000000
2 140
    -0.001789296495640     0.001010411425534     0.000000000000000
     0.001010411425534    -0.001713329765075     0.000000000000000
     0.000000000000000     0.000000000000000    -0.000725017016096
2 141
    -0.000553837011166     0.000000000000000     0.000000000000000
     0.000000000000000    -0.035231669128913     0.000000000000000
     0.000000000000000     0.000000000000000    -0.000553837011166
2 142
    -0.001789296495640     0.001010411425534     0.000000000000000
     0.001010411425534    -0.001713329765075     0.000000000000000
     0.000000000000000     0.000000000000000    -0.000725017016096
2 143
     0.000000000000000     0.000000000000000     0.000000000000000
     0.000000000000000     0.000000000000000     0.000000000000000
     0.000000000000000     0.000000000000000     0.000000000000000
2 144
     0.000000000000000     0.000000000000000     0.000000000000000
     0.000000000000000     0.000000000000000     0.000000000000000
     0.000000000000000     0.000000000000000     0.000000000000000
2 145
    -0.001789296495640    -0.001010411425534     0.000000000000000
    -0.001010411425534    -0.001713329765075     0.000000000000000
     0.000000000000000     0.000000000000000    -0.000725017016096
2 146
     0.086937643400886     0.000000000000000     0.000000000000000
     0.000000000000000    -0.472885167313564     0.000000000000000
     0.000000000000000     0.000000000000000     0.086937643400886
2 147
    -0.015957862926853     0.031263339358787     0.000000000000000
     0.031263339358787    -0.015957862926853     0.000000000000000
     0.000000000000000     0.000000000000000     0.012952298609541
2 148
    -0.001713329765075     0.001010411425534     0.000000000000000
     0.001010411425534    -0.001789296495640     0.000000000000000
     0.000000000000000     0.000000000000000    -0.000725017016096
2 149
    -0.001713329765075    -0.001010411425534     0.000000000000000
    -0.001010411425534    -0.001789296495640     0.000000000000000
     0.000000000000000     0.000000000000000    -0.000725017016096
2 150
    -0.015957862926853    -0.031263339358787     0.000000000000000
    -0.031263339358787    -0.015957862926853     0.000000000000000
     0.000000000000000     0.000000000000000     0.012952298609541
2 151
     0.086937643400886     0.000000000000000     0.000000000000000
     0.000000000000000     0.086937643400886     0.000000000000000
     0.000000000000000     0.000000000000000    -0.472885167313564
2 152
    -0.015957862926853     0.000000000000000    -0.031263339358787
     0.000000000000000     0.012952298609541     0.000000000000000
    -0.031263339358787     0.000000000000000    -0.015957862926853
2 153
    -0.001713329765075     0.000000000000000    -0.001010411425534
     0.000000000000000    -0.000725017016096     0.000000000000000
    -0.001010411425534     0.000000000000000    -0.001789296495640
2 154
    -0.001713329765075     0.000000000000000     0.001010411425534
     0.000000000000000    -0.000725017016096     0.000000000000000
     0.001010411425534     0.000000000000000    -0.001789296495640
2 155
    -0.015957862926853     0.000000000000000     0.031263339358787
     0.000000000000000     0.012952298609541     0.000000000000000
     0.031263339358787     0.000000000000000    -0.015957862926853
2 156
     0.012952298609541     0.000000000000000     0.000000000000000
     0.000000000000000    -0.015957862926853    -0.031263339358787
     0.000000000000000    -0.031263339358787    -0.015957862926853
2 157
    -0.003602112800975    -0.001859533735570    -0.001859533735570
    -0.001859533735570    -0.003602112800975    -0.001859533735570
    -0.001859533735570    -0.001859533735570    -0.003602112800975
2 158
    -0.000544106000269    -0.000618916576620    -0.000618916576620
    -0.000618916576620     0.000295023077453    -0.000152631279190
    -0.000618916576620    -0.000152631279190     0.000295023077453
2 159
    -0.000544106000269     0.000618916576620     0.000618916576620
     0.000618916576620     0.000295023077453    -0.000152631279190
     0.000618916576620    -0.000152631279190     0.000295023077453
2 160
    -0.003602112800975     0.001859533735570     0.001859533735570
     0.001859533735570    -0.003602112800975    -0.001859533735570
     0.001859533735570    -0.001859533735570    -0.003602112800975
2 161
    -0.000725017016096     0.000000000000000     0.000000000000000
     0.000000000000000    -0.001713329765075    -0.001010411425534
     0.000000000000000    -0.001010411425534    -0.001789296495640
2 162
     0.000295023077453    -0.000618916576620    -0.000152631279190
    -0.000618916576620    -0.000544106000269    -0.000618916576620
    -0.000152631279190    -0.000618916576620     0.000295023077453
2 163
     0.000000000000000     0.000000000000000     0.000000000000000
     0.000000000000000     0.000000000000000     0.000000000000000
     0.000000000000000     0.000000000000000     0.000000000000000
2 164
     0.000000000000000     0.000000000000000     0.000000000000000
     0.000000000000000     0.000000000000000     0.000000000000000
     0.000000000000000     0.000000000000000     0.000000000000000
2 165
     0.000295023077453     0.000618916576620     0.000152631279190
     0.000618916576620    -0.000544106000269    -0.000618916576620
     0.000152631279190    -0.000618916576620     0.000295023077453
2 166
    -0.000725017016096     0.000000000000000     0.000000000000000
     0.000000000000000    -0.001713329765075     0.001010411425534
     0.000000000000000     0.001010411425534    -0.001789296495640
2 167
     0.000295023077453     0.000618916576620    -0.000152631279190
     0.000618916576620    -0.000544106000269     0.000618916576620
    -0.000152631279190     0.000618916576620     0.000295023077453
2 168
     0.000000000000000     0.000000000000000     0.000000000000000
     0.000000000000000     0.000000000000000     0.000000000000000
     0.000000000000000     0.000000000000000     0.000000000000000
2 169
     0.000000000000000     0.000000000000000     0.000000000000000
     0.000000000000000     0.000000000000000     0.000000000000000
     0.000000000000000     0.000000000000000     0.000000000000000
2 170
     0.000295023077453    -0.000618916576620     0.000152631279190
    -0.000618916576620    -0.000544106000269     0.000618916576620
     0.000152631279190     0.000618916576620     0.000295023077453
2 171
     0.012952298609541     0.000000000000000     0.000000000000000
     0.000000000000000    -0.015957862926853     0.031263339358787
     0.000000000000000     0.031263339358787    -0.015957862926853
2 172
    -0.003602112800975     0.001859533735570    -0.001859533735570
     0.001859533735570    -0.003602112800975     0.001859533735570
    -0.001859533735570     0.001859533735570    -0.003602112800975
2 173
    -0.000544106000269     0.000618916576620    -0.000618916576620
     0.000618916576620     0.000295023077453     0.000152631279190
    -0.000618916576620     0.000152631279190     0.000295023077453
2 174
    -0.000544106000269    -0.000618916576620     0.000618916576620
    -0.000618916576620     0.000295023077453     0.000152631279190
     0.000618916576620     0.000152631279190     0.000295023077453
2 175
    -0.003602112800975    -0.001859533735570     0.001859533735570
    -0.001859533735570    -0.003602112800975     0.001859533735570
     0.001859533735570     0.001859533735570    -0.003602112800975
2 176
    -0.000553837011166     0.000000000000000     0.000000000000000
     0.000000000000000    -0.000553837011166     0.000000000000000
     0.000000000000000     0.000000000000000    -0.035231669128913
2 177
    -0.001789296495640     0.000000000000000    -0.001010411425534
     0.000000000000000    -0.000725017016096     0.000000000000000
    -0.001010411425534     0.000000000000000    -0.001713329765075
2 178
     0.000000000000000     0.000000000000000     0.000000000000000
     0.000000000000000     0.000000000000000     0.000000000000000
     0.000000000000000     0.000000000000000     0.000000000000000
2 179
     0.000000000000000     0.000000000000000     0.000000000000000
     0.000000000000000     0.000000000000000     0.000000000000000
     0.000000000000000     0.000000000000000     0.000000000000000
2 180
    -0.001789296495640     0.000000000000000     0.001010411425534
     0.000000000000000    -0.000725017016096     0.000000000000000
     0.001010411425534     0.000000000000000    -0.001713329765075
2 181
    -0.000725017016096     0.000000000000000     0.000000000000000
     0.000000000000000    -0.001789296495640    -0.001010411425534
     0.000000000000000    -0.001010411425534    -0.001713329765075
2 182
     0.000295023077453    -0.000152631279190    -0.000618916576620
    -0.000152631279190     0.000295023077453    -0.000618916576620
    -0.000618916576620    -0.000618916576620    -0.000544106000269
2 183
     0.000000000000000     0.000000000000000     0.000000000000000
     0.000000000000000     0.000000000000000     0.000000000000000
     0.000000000000000     0.000000000000000     0.000000000000000
2 184
     0.000000000000000     0.000000000000000     0.000000000000000
     0.000000000000000     0.000000000000000     0.000000000000000
     0.000000000000000     0.000000000000000     0.000000000000000
2 185
     0.000295023077453     0.000152631279190     0.000618916576620
     0.000152631279190     0.000295023077453    -0.000618916576620
     0.000618916576620    -0.000618916576620    -0.000544106000269
2 186
     0.000000000000000     0.000000000000000     0.000000000000000
     0.000000000000000     0.000000000000000     0.000000000000000
     0.000000000000000     0.000000000000000     0.000000000000000
2 187
     0.000000000000000     0.000000000000000     0.000000000000000
     0.000000000000000     0.000000000000000     0.000000000000000
     0.000000000000000     0.000000000000000     0.000000000000000
2 188
     0.000000000000000     0.000000000000000     0.000000000000000
     0.000000000000000     0.000000000000000     0.000000000000000
     0.000000000000000     0.000000000000000     0.000000000000000
2 189
     0.000000000000000     0.000000000000000     0.000000000000000
     0.000000000000000     0.000000000000000     0.000000000000000
     0.000000000000000     0.000000000000000     0.000000000000000
2 190
     0.000000000000000     0.000000000000000     0.000000000000000
     0.000000000000000     0.000000000000000     0.000000000000000
     0.000000000000000     0.000000000000000     0.000000000000000
2 191
     0.000000000000000     0.000000000000000     0.000000000000000
     0.000000000000000     0.000000000000000     0.000000000000000
     0.000000000000000     0.000000000000000     0.000000000000000
2 192
     0.000000000000000     0.000000000000000     0.000000000000000
     0.000000000000000     0.000000000000000     0.000000000000000
     0.000000000000000     0.000000000000000     0.000000000000000
2 193
     0.000000000000000     0.000000000000000     0.000000000000000
     0.000000000000000     0.000000000000000     0.000000000000000
     0.000000000000000     0.000000000000000     0.000000000000000
2 194
     0.000000000000000     0.000000000000000     0.000000000000000
     0.000000000000000     0.000000000000000     0.000000000000000
     0.000000000000000     0.000000000000000     0.000000000000000
2 195
     0.000000000000000     0.000000000000000     0.000000000000000
     0.000000000000000     0.000000000000000     0.000000000000000
     0.000000000000000     0.000000000000000     0.000000000000000
2 196
    -0.000725017016096     0.000000000000000     0.000000000000000
     0.000000000000000    -0.001789296495640     0.001010411425534
     0.000000000000000     0.001010411425534    -0.001713329765075
2 197
     0.000295023077453     0.000152631279190    -0.000618916576620
     0.000152631279190     0.000295023077453     0.000618916576620
    -0.000618916576620     0.000618916576620    -0.000544106000269
2 198
     0.000000000000000     0.000000000000000     0.000000000000000
     0.000000000000000     0.000000000000000     0.000000000000000
     0.000000000000000     0.000000000000000     0.000000000000000
2 199
     0.000000000000000     0.000000000000000     0.000000000000000
     0.000000000000000     0.000000000000000     0.000000000000000
     0.000000000000000     0.000000000000000     0.000000000000000
2 200
     0.000295023077453    -0.000152631279190     0.000618916576620
    -0.000152631279190     0.000295023077453     0.000618916576620
     0.000618916576620     0.000618916576620    -0.000544106000269
2 201
    -0.000553837011166     0.000000000000000     0.000000000000000
     0.000000000000000    -0.000553837011166     0.000000000000000
     0.000000000000000     0.000000000000000    -0.035231669128913
2 202
    -0.001789296495640     0.000000000000000     0.001010411425534
     0.000000000000000    -0.000725017016096     0.000000000000000
     0.001010411425534     0.000000000000000    -0.001713329765075
2 203
     0.000000000000000     0.000000000000000     0.000000000000000
     0.000000000000000     0.000000000000000     0.000000000000000
     0.000000000000000     0.000000000000000     0.000000000000000
2 204
     0.000000000000000     0.000000000000000     0.000000000000000
     0.000000000000000     0.000000000000000     0.000000000000000
     0.000000000000000     0.000000000000000     0.000000000000000
2 205
    -0.001789296495640     0.000000000000000    -0.001010411425534
     0.000000000000000    -0.000725017016096     0.000000000000000
    -0.001010411425534     0.000000000000000    -0.001713329765075
2 206
    -0.000725017016096     0.000000000000000     0.000000000000000
     0.000000000000000    -0.001789296495640     0.001010411425534
     0.000000000000000     0.001010411425534    -0.001713329765075
2 207
     0.000295023077453    -0.000152631279190     0.000618916576620
    -0.000152631279190     0.000295023077453     0.000618916576620
     0.000618916576620     0.000618916576620    -0.000544106000269
2 208
     0.000000000000000     0.000000000000000     0.000000000000000
     0.000000000000000     0.000000000000000     0.000000000000000
     0.000000000000000     0.000000000000000     0.000000000000000
2 209
     0.000000000000000     0.000000000000000     0.000000000000000
     0.000000000000000     0.000000000000000     0.000000000000000
     0.000000000000000     0.000000000000000     0.000000000000000
2 210
     0.000295023077453     0.000152631279190    -0.000618916576620
     0.000152631279190     0.000295023077453     0.000618916576620
    -0.000618916576620     0.000618916576620    -0.000544106000269
2 211
     0.000000000000000     0.000000000000000     0.000000000000000
     0.000000000000000     0.000000000000000     0.000000000000000
     0.000000000000000     0.000000000000000     0.000000000000000
2 212
     0.000000000000000     0.000000000000000     0.000000000000000
     0.000000000000000     0.000000000000000     0.000000000000000
     0.000000000000000     0.000000000000000     0.000000000000000
2 213
     0.000000000000000     0.000000000000000     0.000000000000000
     0.000000000000000     0.000000000000000     0.000000000000000
     0.000000000000000     0.000000000000000     0.000000000000000
2 214
     0.000000000000000     0.000000000000000     0.000000000000000
     0.000000000000000     0.000000000000000     0.000000000000000
     0.000000000000000     0.000000000000000     0.000000000000000
2 215
     0.000000000000000     0.000000000000000     0.000000000000000
     0.000000000000000     0.000000000000000     0.000000000000000
     0.000000000000000     0.000000000000000     0.000000000000000
2 216
     0.000000000000000     0.000000000000000     0.000000000000000
     0.000000000000000     0.000000000000000     0.000000000000000
     0.000000000000000     0.000000000000000     0.000000000000000
2 217
     0.000000000000000     0.000000000000000     0.000000000000000
     0.000000000000000     0.000000000000000     0.000000000000000
     0.000000000000000     0.000000000000000     0.000000000000000
2 218
     0.000000000000000     0.000000000000000     0.000000000000000
     0.000000000000000     0.000000000000000     0.000000000000000
     0.000000000000000     0.000000000000000     0.000000000000000
2 219
     0.000000000000000     0.000000000000000     0.000000000000000
     0.000000000000000     0.000000000000000     0.000000000000000
     0.000000000000000     0.000000000000000     0.000000000000000
2 220
     0.000000000000000     0.000000000000000     0.000000000000000
     0.000000000000000     0.000000000000000     0.000000000000000
     0.000000000000000     0.000000000000000     0.000000000000000
2 221
    -0.000725017016096     0.000000000000000     0.000000000000000
     0.000000000000000    -0.001789296495640    -0.001010411425534
     0.000000000000000    -0.001010411425534    -0.001713329765075
2 222
     0.000295023077453     0.000152631279190     0.000618916576620
     0.000152631279190     0.000295023077453    -0.000618916576620
     0.000618916576620    -0.000618916576620    -0.000544106000269
2 223
     0.000000000000000     0.000000000000000     0.000000000000000
     0.000000000000000     0.000000000000000     0.000000000000000
     0.000000000000000     0.000000000000000     0.000000000000000
2 224
     0.000000000000000     0.000000000000000     0.000000000000000
     0.000000000000000     0.000000000000000     0.000000000000000
     0.000000000000000     0.000000000000000     0.000000000000000
2 225
     0.000295023077453    -0.000152631279190    -0.000618916576620
    -0.000152631279190     0.000295023077453    -0.000618916576620
    -0.000618916576620    -0.000618916576620    -0.000544106000269
2 226
     0.086937643400886     0.000000000000000     0.000000000000000
     0.000000000000000     0.086937643400886     0.000000000000000
     0.000000000000000     0.000000000000000    -0.472885167313564
2 227
    -0.015957862926853     0.000000000000000     0.031263339358787
     0.000000000000000     0.012952298609541     0.000000000000000
     0.031263339358787     0.000000000000000    -0.015957862926853
2 228
    -0.001713329765075     0.000000000000000     0.001010411425534
     0.000000000000000    -0.000725017016096     0.000000000000000
     0.001010411425534     0.000000000000000    -0.001789296495640
2 229
    -0.001713329765075     0.000000000000000    -0.001010411425534
     0.000000000000000    -0.000725017016096     0.000000000000000
    -0.001010411425534     0.000000000000000    -0.001789296495640
2 230
    -0.015957862926853     0.000000000000000    -0.031263339358787
     0.000000000000000     0.012952298609541     0.000000000000000
    -0.031263339358787     0.000000000000000    -0.015957862926853
2 231
     0.012952298609541     0.000000000000000     0.000000000000000
     0.000000000000000    -0.015957862926853     0.031263339358787
     0.000000000000000     0.031263339358787    -0.015957862926853
2 232
    -0.003602112800975    -0.001859533735570     0.001859533735570
    -0.001859533735570    -0.003602112800975     0.001859533735570
     0.001859533735570     0.001859533735570    -0.003602112800975
2 233
    -0.000544106000269    -0.000618916576620     0.000618916576620
    -0.000618916576620     0.000295023077453     0.000152631279190
     0.000618916576620     0.000152631279190     0.000295023077453
2 234
    -0.000544106000269     0.000618916576620    -0.000618916576620
     0.000618916576620     0.000295023077453     0.000152631279190
    -0.000618916576620     0.000152631279190     0.000295023077453
2 235
    -0.003602112800975     0.001859533735570    -0.001859533735570
     0.001859533735570    -0.003602112800975     0.001859533735570
    -0.001859533735570     0.001859533735570    -0.003602112800975
2 236
    -0.000725017016096     0.000000000000000     0.000000000000000
     0.000000000000000    -0.001713329765075     0.001010411425534
     0.000000000000000     0.001010411425534    -0.001789296495640
2 237
     0.000295023077453    -0.000618916576620     0.000152631279190
    -0.000618916576620    -0.000544106000269     0.000618916576620
     0.000152631279190     0.000618916576620     0.000295023077453
2 238
     0.000000000000000     0.000000000000000     0.000000000000000
     0.000000000000000     0.000000000000000     0.000000000000000
     0.000000000000000     0.000000000000000     0.000000000000000
2 239
     0.000000000000000     0.000000000000000     0.000000000000000
     0.000000000000000     0.000000000000000     0.000000000000000
     0.000000000000000     0.000000000000000     0.000000000000000
2 240
     0.000295023077453     0.000618916576620    -0.000152631279190
     0.000618916576620    -0.000544106000269     0.000618916576620
    -0.000152631279190     0.000618916576620     0.000295023077453
2 241
    -0.000725017016096     0.000000000000000     0.000000000000000
     0.000000000000000    -0.001713329765075    -0.001010411425534
     0.000000000000000    -0.001010411425534    -0.001789296495640
2 242
     0.000295023077453     0.000618916576620     0.000152631279190
     0.000618916576620    -0.000544106000269    -0.000618916576620
     0.000152631279190    -0.000618916576620     0.000295023077453
2 243
     0.000000000000000     0.000000000000000     0.000000000000000
     0.000000000000000     0.000000000000000     0.000000000000000
     0.000000000000000     0.000000000000000     0.000000000000000
2 244
     0.000000000000000     0.000000000000000     0.000000000000000
     0.000000000000000     0.000000000000000     0.000000000000000
     0.000000000000000     0.000000000000000     0.000000000000000
2 245
     0.000295023077453    -0.000618916576620    -0.000152631279190
    -0.000618916576620    -0.000544106000269    -0.000618916576620
    -0.000152631279190    -0.000618916576620     0.000295023077453
2 246
     0.012952298609541     0.000000000000000     0.000000000000000
     0.000000000000000    -0.015957862926853    -0.031263339358787
     0.000000000000000    -0.031263339358787    -0.015957862926853
2 247
    -0.003602112800975     0.001859533735570     0.001859533735570
     0.001859533735570    -0.003602112800975    -0.001859533735570
     0.001859533735570    -0.001859533735570    -0.003602112800975
2 248
    -0.000544106000269     0.000618916576620     0.000618916576620
     0.000618916576620     0.000295023077453    -0.000152631279190
     0.000618916576620    -0.000152631279190     0.000295023077453
2 249
    -0.000544106000269    -0.000618916576620    -0.000618916576620
    -0.000618916576620     0.000295023077453    -0.000152631279190
    -0.000618916576620    -0.000152631279190     0.000295023077453
2 250
    -0.003602112800975    -0.001859533735570    -0.001859533735570
    -0.001859533735570    -0.003602112800975    -0.001859533735570
    -0.001859533735570    -0.001859533735570    -0.003602112800975